TIME,USDJPY,EURJPY,GBPJPY,AUDJPY,NZDJPY
2016-03-14 15:53:10,113.76,126.959,163.406,85.718,76.494
2016-03-14 15:53:16,113.765,126.956,163.412,85.718,76.499
2016-03-14 15:53:22,113.766,126.952,163.413,85.72,76.501
2016-03-14 15:53:28,113.767,126.948,163.412,85.72,76.501
2016-03-14 15:53:36,113.767,126.948,163.413,85.721,76.501
2016-03-14 15:53:42,113.767,126.948,163.414,85.718,76.494
2016-03-14 15:53:49,113.766,126.946,163.409,85.699,76.471
2016-03-14 15:53:55,113.767,126.948,163.41,85.699,76.451
2016-03-14 15:54:01,113.767,126.948,163.411,85.701,76.45
2016-03-14 15:54:08,113.767,126.949,163.411,85.702,76.446
2016-03-14 15:54:15,113.767,126.957,163.409,85.703,76.453
2016-03-14 15:54:21,113.764,126.953,163.414,85.705,76.466
2016-03-14 15:54:27,113.764,126.952,163.413,85.706,76.468
2016-03-14 15:54:33,113.763,126.952,163.412,85.696,76.468
2016-03-14 15:54:40,113.764,126.954,163.413,85.693,76.467
2016-03-14 15:54:46,113.764,126.952,163.413,85.693,76.466
2016-03-14 15:54:52,113.766,126.952,163.417,85.696,76.468
2016-03-14 15:54:58,113.766,126.952,163.416,85.698,76.468
2016-03-14 15:55:04,113.766,126.953,163.411,85.699,76.467
2016-03-14 15:55:09,113.765,126.955,163.411,85.701,76.467
2016-03-14 15:55:15,113.757,126.949,163.402,85.703,76.461
2016-03-14 15:55:22,113.755,126.945,163.399,85.702,76.459
2016-03-14 15:55:27,113.76,126.95,163.404,85.705,76.46
2016-03-14 15:55:33,113.76,126.95,163.404,85.705,76.46
2016-03-14 15:55:40,113.76,126.95,163.403,85.706,76.461
2016-03-14 15:55:47,113.76,126.95,163.402,85.706,76.463
2016-03-14 15:55:53,113.76,126.951,163.402,85.718,76.463
2016-03-14 15:55:58,113.76,126.952,163.403,85.724,76.462
2016-03-14 15:56:04,113.76,126.951,163.405,85.722,76.462
2016-03-14 15:56:11,113.767,126.959,163.415,85.728,76.465
2016-03-14 15:56:17,113.767,126.958,163.418,85.731,76.466
2016-03-14 15:56:23,113.767,126.959,163.421,85.731,76.465
2016-03-14 15:56:30,113.773,126.967,163.434,85.744,76.471
2016-03-14 15:56:36,113.771,126.965,163.433,85.748,76.472
2016-03-14 15:56:43,113.771,126.964,163.436,85.755,76.473
2016-03-14 15:56:49,113.769,126.966,163.444,85.749,76.469
2016-03-14 15:56:55,113.777,126.973,163.455,85.751,76.47
2016-03-14 15:57:00,113.786,126.981,163.465,85.758,76.474
2016-03-14 15:57:06,113.786,126.981,163.466,85.755,76.478
2016-03-14 15:57:13,113.787,126.985,163.492,85.75,76.48
2016-03-14 15:57:19,113.788,126.982,163.493,85.749,76.483
2016-03-14 15:57:25,113.807,127.005,163.52,85.767,76.506
2016-03-14 15:57:31,113.805,127.004,163.517,85.765,76.506
2016-03-14 15:57:37,113.805,127.001,163.518,85.767,76.508
2016-03-14 15:57:43,113.805,127.001,163.518,85.767,76.513
2016-03-14 15:57:50,113.804,127.001,163.517,85.769,76.514
2016-03-14 15:57:56,113.804,127.004,163.52,85.769,76.514
2016-03-14 15:58:03,113.803,127.002,163.52,85.769,76.513
2016-03-14 15:58:09,113.805,127.004,163.519,85.769,76.514
2016-03-14 15:58:14,113.802,126.999,163.516,85.771,76.511
2016-03-14 15:58:21,113.808,127.006,163.527,85.778,76.518
2016-03-14 15:58:28,113.808,127.003,163.528,85.78,76.518
2016-03-14 15:58:36,113.8,127.004,163.521,85.771,76.515
2016-03-14 15:58:43,113.796,127.004,163.514,85.751,76.505
2016-03-14 15:58:49,113.796,127.002,163.513,85.751,76.505
2016-03-14 15:58:55,113.806,127.015,163.525,85.752,76.511
2016-03-14 15:59:01,113.802,127.013,163.517,85.736,76.508
2016-03-14 15:59:07,113.803,127.005,163.493,85.734,76.508
2016-03-14 15:59:14,113.798,126.995,163.48,85.731,76.511
2016-03-14 15:59:19,113.8,126.995,163.494,85.736,76.513
2016-03-14 15:59:26,113.793,126.988,163.486,85.731,76.51
2016-03-14 15:59:33,113.794,126.986,163.492,85.747,76.53
2016-03-14 15:59:39,113.81,126.987,163.507,85.764,76.531
2016-03-14 15:59:45,113.81,126.982,163.508,85.763,76.532
2016-03-14 15:59:51,113.818,126.922,163.484,85.77,76.536
2016-03-14 15:59:57,113.828,126.952,163.497,85.776,76.541
2016-03-14 16:00:05,113.852,126.962,163.507,85.804,76.559
2016-03-14 16:00:11,113.835,126.943,163.493,85.778,76.547
2016-03-14 16:00:17,113.825,126.945,163.479,85.787,76.539
2016-03-14 16:00:24,113.839,126.972,163.526,85.804,76.546
2016-03-14 16:00:30,113.843,126.966,163.548,85.824,76.554
2016-03-14 16:00:36,113.835,126.964,163.551,85.825,76.558
2016-03-14 16:00:42,113.834,126.964,163.551,85.828,76.559
2016-03-14 16:00:52,113.842,126.957,163.576,85.85,76.568
2016-03-14 16:00:58,113.836,126.942,163.549,85.835,76.597
2016-03-14 16:01:04,113.836,126.951,163.549,85.845,76.588
2016-03-14 16:01:10,113.835,126.956,163.574,85.845,76.586
2016-03-14 16:01:18,113.836,126.968,163.581,85.845,76.589
2016-03-14 16:01:25,113.835,126.962,163.58,85.848,76.593
2016-03-14 16:01:32,113.835,126.969,163.585,85.849,76.594
2016-03-14 16:01:38,113.836,126.98,163.617,85.85,76.596
2016-03-14 16:01:45,113.831,126.979,163.612,85.85,76.595
2016-03-14 16:01:52,113.831,126.979,163.615,85.849,76.596
2016-03-14 16:01:59,113.821,126.966,163.6,85.84,76.589
2016-03-14 16:02:06,113.82,126.971,163.6,85.823,76.573
2016-03-14 16:02:12,113.823,126.982,163.575,85.824,76.573
2016-03-14 16:02:18,113.83,126.991,163.571,85.829,76.575
2016-03-14 16:02:24,113.828,126.995,163.579,85.829,76.575
2016-03-14 16:02:31,113.829,126.999,163.582,85.83,76.575
2016-03-14 16:02:36,113.821,126.995,163.571,85.825,76.569
2016-03-14 16:02:42,113.822,127.002,163.568,85.825,76.568
2016-03-14 16:02:49,113.819,127.003,163.568,85.827,76.568
2016-03-14 16:02:55,113.819,127.006,163.566,85.826,76.567
2016-03-14 16:03:01,113.818,127,163.567,85.825,76.567
2016-03-14 16:03:07,113.819,126.999,163.558,85.829,76.567
2016-03-14 16:03:12,113.82,126.995,163.558,85.831,76.567
2016-03-14 16:03:18,113.822,126.993,163.569,85.833,76.564
2016-03-14 16:03:25,113.82,126.99,163.573,85.833,76.567
2016-03-14 16:03:32,113.82,126.99,163.567,85.82,76.565
2016-03-14 16:03:38,113.82,126.99,163.588,85.814,76.568
2016-03-14 16:03:45,113.82,126.999,163.599,85.817,76.568
2016-03-14 16:03:51,113.822,126.997,163.6,85.817,76.57
2016-03-14 16:03:57,113.82,126.992,163.595,85.817,76.57
2016-03-14 16:04:03,113.821,126.995,163.596,85.827,76.572
2016-03-14 16:04:10,113.82,126.997,163.595,85.825,76.572
2016-03-14 16:04:16,113.816,126.992,163.59,85.823,76.569
2016-03-14 16:04:22,113.817,126.989,163.58,85.823,76.576
2016-03-14 16:04:28,113.813,126.992,163.583,85.822,76.576
2016-03-14 16:04:34,113.813,126.99,163.576,85.831,76.577
2016-03-14 16:04:40,113.81,126.988,163.569,85.818,76.571
2016-03-14 16:04:48,113.806,126.986,163.564,85.815,76.569
2016-03-14 16:04:53,113.812,126.988,163.574,85.818,76.57
2016-03-14 16:04:59,113.818,126.993,163.584,85.825,76.574
2016-03-14 16:05:05,113.818,126.988,163.559,85.823,76.577
2016-03-14 16:05:11,113.813,126.985,163.527,85.807,76.561
2016-03-14 16:05:20,113.813,126.99,163.531,85.807,76.559
2016-03-14 16:05:26,113.813,126.997,163.53,85.81,76.561
2016-03-14 16:05:33,113.814,126.998,163.526,85.807,76.561
2016-03-14 16:05:39,113.812,127.003,163.513,85.807,76.563
2016-03-14 16:05:44,113.815,127.003,163.505,85.797,76.541
2016-03-14 16:05:50,113.815,127.004,163.505,85.799,76.551
2016-03-14 16:05:56,113.812,126.997,163.495,85.793,76.549
2016-03-14 16:06:02,113.808,127.003,163.481,85.791,76.54
2016-03-14 16:06:08,113.808,127.003,163.486,85.791,76.545
2016-03-14 16:06:14,113.803,126.999,163.488,85.779,76.54
2016-03-14 16:06:19,113.802,127.013,163.516,85.777,76.54
2016-03-14 16:06:25,113.803,127.009,163.517,85.781,76.541
2016-03-14 16:06:31,113.805,127.012,163.512,85.767,76.54
2016-03-14 16:06:37,113.804,127.004,163.516,85.767,76.539
2016-03-14 16:06:43,113.805,127.005,163.517,85.767,76.539
2016-03-14 16:06:48,113.805,127.006,163.517,85.767,76.539
2016-03-14 16:06:55,113.805,127.007,163.521,85.767,76.54
2016-03-14 16:07:01,113.807,126.993,163.52,85.767,76.54
2016-03-14 16:07:06,113.806,126.997,163.519,85.767,76.538
2016-03-14 16:07:12,113.805,126.997,163.517,85.769,76.538
2016-03-14 16:07:18,113.806,126.997,163.518,85.769,76.538
2016-03-14 16:07:23,113.806,126.998,163.518,85.769,76.537
2016-03-14 16:07:29,113.806,126.998,163.517,85.769,76.537
2016-03-14 16:07:36,113.802,126.999,163.516,85.768,76.539
2016-03-14 16:07:42,113.803,126.999,163.526,85.748,76.521
2016-03-14 16:07:48,113.797,126.997,163.509,85.73,76.518
2016-03-14 16:07:54,113.796,126.989,163.498,85.72,76.512
2016-03-14 16:08:00,113.805,126.992,163.508,85.707,76.498
2016-03-14 16:08:06,113.803,126.992,163.511,85.723,76.502
2016-03-14 16:08:12,113.805,126.997,163.527,85.729,76.507
2016-03-14 16:08:18,113.801,127.006,163.534,85.699,76.487
2016-03-14 16:08:24,113.796,126.996,163.521,85.685,76.478
2016-03-14 16:08:30,113.798,126.996,163.533,85.695,76.484
2016-03-14 16:08:36,113.796,126.995,163.533,85.696,76.49
2016-03-14 16:08:43,113.799,126.995,163.536,85.703,76.494
2016-03-14 16:08:49,113.793,126.983,163.528,85.703,76.499
2016-03-14 16:08:55,113.802,126.989,163.542,85.721,76.511
2016-03-14 16:09:01,113.802,126.988,163.522,85.716,76.508
2016-03-14 16:09:07,113.797,127.001,163.533,85.718,76.504
2016-03-14 16:09:13,113.796,126.999,163.532,85.718,76.504
2016-03-14 16:09:19,113.797,127.001,163.53,85.719,76.504
2016-03-14 16:09:25,113.803,126.994,163.541,85.737,76.52
2016-03-14 16:09:30,113.803,126.994,163.54,85.738,76.521
2016-03-14 16:09:36,113.801,126.995,163.538,85.736,76.518
2016-03-14 16:09:42,113.803,126.994,163.538,85.736,76.507
2016-03-14 16:09:49,113.802,126.992,163.537,85.736,76.506
2016-03-14 16:09:55,113.8,126.993,163.537,85.736,76.505
2016-03-14 16:10:01,113.8,126.998,163.538,85.737,76.51
2016-03-14 16:10:06,113.804,126.999,163.539,85.723,76.497
2016-03-14 16:10:12,113.804,126.998,163.525,85.708,76.489
2016-03-14 16:10:18,113.807,127.001,163.526,85.713,76.499
2016-03-14 16:10:24,113.805,127,163.533,85.718,76.509
2016-03-14 16:10:29,113.809,126.993,163.537,85.718,76.509
2016-03-14 16:10:35,113.814,126.988,163.527,85.721,76.504
2016-03-14 16:10:41,113.815,126.965,163.505,85.721,76.504
2016-03-14 16:10:47,113.815,126.964,163.505,85.721,76.504
2016-03-14 16:10:54,113.815,126.967,163.505,85.721,76.504
2016-03-14 16:11:00,113.815,126.976,163.512,85.721,76.504
2016-03-14 16:11:05,113.816,126.977,163.507,85.732,76.51
2016-03-14 16:11:11,113.814,126.974,163.5,85.733,76.513
2016-03-14 16:11:17,113.814,126.972,163.481,85.725,76.501
2016-03-14 16:11:23,113.81,126.979,163.478,85.718,76.506
2016-03-14 16:11:29,113.813,126.971,163.477,85.718,76.505
2016-03-14 16:11:35,113.819,126.978,163.487,85.729,76.509
2016-03-14 16:11:41,113.82,126.982,163.489,85.739,76.502
2016-03-14 16:11:47,113.82,126.994,163.522,85.738,76.496
2016-03-14 16:11:53,113.821,126.985,163.516,85.738,76.496
2016-03-14 16:11:59,113.821,126.98,163.517,85.737,76.495
2016-03-14 16:12:06,113.823,126.982,163.517,85.738,76.492
2016-03-14 16:12:11,113.821,126.982,163.517,85.737,76.484
2016-03-14 16:12:17,113.823,126.98,163.518,85.737,76.485
2016-03-14 16:12:23,113.822,126.979,163.518,85.738,76.485
2016-03-14 16:12:28,113.822,126.979,163.518,85.739,76.485
2016-03-14 16:12:34,113.822,126.985,163.515,85.725,76.47
2016-03-14 16:12:41,113.815,126.979,163.504,85.72,76.465
2016-03-14 16:12:47,113.814,126.979,163.505,85.72,76.47
2016-03-14 16:12:53,113.811,127.003,163.517,85.727,76.47
2016-03-14 16:12:59,113.808,126.999,163.512,85.734,76.482
2016-03-14 16:13:05,113.807,126.999,163.512,85.734,76.482
2016-03-14 16:13:13,113.808,126.972,163.508,85.733,76.482
2016-03-14 16:13:19,113.809,126.974,163.51,85.736,76.482
2016-03-14 16:13:24,113.807,126.955,163.493,85.739,76.481
2016-03-14 16:13:31,113.816,126.946,163.498,85.744,76.487
2016-03-14 16:13:37,113.818,126.956,163.509,85.747,76.489
2016-03-14 16:13:43,113.821,126.959,163.509,85.75,76.492
2016-03-14 16:13:48,113.822,126.966,163.517,85.749,76.491
2016-03-14 16:13:55,113.818,126.958,163.512,85.747,76.488
2016-03-14 16:14:01,113.817,126.957,163.51,85.746,76.488
2016-03-14 16:14:07,113.809,126.955,163.507,85.741,76.482
2016-03-14 16:14:13,113.808,126.956,163.506,85.749,76.482
2016-03-14 16:14:20,113.814,126.961,163.514,85.755,76.485
2016-03-14 16:14:26,113.818,126.963,163.519,85.754,76.487
2016-03-14 16:14:32,113.822,126.954,163.507,85.76,76.49
2016-03-14 16:14:39,113.822,126.961,163.512,85.76,76.489
2016-03-14 16:14:45,113.827,126.962,163.517,85.755,76.483
2016-03-14 16:14:51,113.833,126.964,163.524,85.756,76.468
2016-03-14 16:14:57,113.842,126.974,163.529,85.757,76.47
2016-03-14 16:15:03,113.843,126.975,163.53,85.756,76.471
2016-03-14 16:15:10,113.844,126.979,163.532,85.759,76.471
2016-03-14 16:15:16,113.834,126.971,163.526,85.749,76.462
2016-03-14 16:15:22,113.833,126.969,163.526,85.749,76.464
2016-03-14 16:15:28,113.827,126.972,163.539,85.743,76.463
2016-03-14 16:15:34,113.831,126.974,163.551,85.743,76.465
2016-03-14 16:15:40,113.831,126.969,163.542,85.744,76.468
2016-03-14 16:15:46,113.829,126.969,163.546,85.744,76.467
2016-03-14 16:15:52,113.828,126.973,163.554,85.742,76.467
2016-03-14 16:15:59,113.83,126.97,163.575,85.743,76.471
2016-03-14 16:16:05,113.829,126.974,163.585,85.743,76.473
2016-03-14 16:16:11,113.83,126.964,163.559,85.746,76.474
2016-03-14 16:16:17,113.833,126.959,163.559,85.749,76.477
2016-03-14 16:16:23,113.828,126.96,163.553,85.744,76.472
2016-03-14 16:16:28,113.821,126.964,163.539,85.738,76.468
2016-03-14 16:16:35,113.82,126.965,163.54,85.736,76.468
2016-03-14 16:16:41,113.818,126.951,163.527,85.721,76.46
2016-03-14 16:16:47,113.816,126.949,163.529,85.71,76.458
2016-03-14 16:16:53,113.817,126.953,163.533,85.709,76.458
2016-03-14 16:17:00,113.815,126.941,163.513,85.71,76.462
2016-03-14 16:17:05,113.82,126.939,163.529,85.722,76.483
2016-03-14 16:17:11,113.813,126.942,163.519,85.72,76.49
2016-03-14 16:17:17,113.804,126.937,163.509,85.712,76.485
2016-03-14 16:17:23,113.798,126.941,163.506,85.717,76.489
2016-03-14 16:17:29,113.797,126.941,163.506,85.717,76.491
2016-03-14 16:17:35,113.796,126.944,163.506,85.717,76.491
2016-03-14 16:17:43,113.797,126.945,163.514,85.719,76.491
2016-03-14 16:17:48,113.796,126.949,163.517,85.719,76.491
2016-03-14 16:17:54,113.796,126.952,163.517,85.719,76.49
2016-03-14 16:18:00,113.801,126.961,163.528,85.732,76.499
2016-03-14 16:18:06,113.801,126.958,163.514,85.732,76.499
2016-03-14 16:18:12,113.802,126.961,163.525,85.733,76.498
2016-03-14 16:18:18,113.802,126.963,163.54,85.746,76.501
2016-03-14 16:18:23,113.801,126.96,163.542,85.749,76.51
2016-03-14 16:18:29,113.801,126.962,163.546,85.745,76.51
2016-03-14 16:18:35,113.801,126.965,163.547,85.745,76.512
2016-03-14 16:18:41,113.802,126.961,163.547,85.744,76.511
2016-03-14 16:18:48,113.809,126.974,163.559,85.749,76.516
2016-03-14 16:18:54,113.808,126.987,163.554,85.749,76.51
2016-03-14 16:19:00,113.809,126.987,163.553,85.75,76.51
2016-03-14 16:19:06,113.809,126.985,163.551,85.744,76.506
2016-03-14 16:19:11,113.809,126.984,163.551,85.76,76.51
2016-03-14 16:19:17,113.809,126.991,163.534,85.754,76.503
2016-03-14 16:19:23,113.809,126.991,163.536,85.754,76.508
2016-03-14 16:19:29,113.809,126.995,163.536,85.755,76.512
2016-03-14 16:19:34,113.809,127,163.535,85.754,76.508
2016-03-14 16:19:40,113.81,127.002,163.534,85.766,76.511
2016-03-14 16:19:47,113.808,126.994,163.53,85.777,76.521
2016-03-14 16:19:53,113.809,126.99,163.513,85.768,76.521
2016-03-14 16:19:58,113.803,126.987,163.51,85.772,76.526
2016-03-14 16:20:05,113.807,126.989,163.515,85.761,76.516
2016-03-14 16:20:11,113.802,126.981,163.505,85.757,76.509
2016-03-14 16:20:17,113.803,126.981,163.5,85.749,76.509
2016-03-14 16:20:23,113.803,126.982,163.499,85.749,76.511
2016-03-14 16:20:28,113.803,126.976,163.498,85.756,76.517
2016-03-14 16:20:34,113.803,126.965,163.485,85.756,76.517
2016-03-14 16:20:40,113.801,126.951,163.471,85.745,76.511
2016-03-14 16:20:46,113.796,126.946,163.463,85.739,76.509
2016-03-14 16:20:52,113.797,126.943,163.468,85.738,76.509
2016-03-14 16:20:59,113.803,126.932,163.467,85.744,76.507
2016-03-14 16:21:05,113.801,126.939,163.465,85.744,76.509
2016-03-14 16:21:11,113.803,126.942,163.467,85.745,76.509
2016-03-14 16:21:17,113.802,126.941,163.466,85.746,76.51
2016-03-14 16:21:23,113.809,126.935,163.462,85.749,76.511
2016-03-14 16:21:29,113.818,126.935,163.456,85.753,76.513
2016-03-14 16:21:35,113.817,126.931,163.454,85.753,76.513
2016-03-14 16:21:43,113.821,126.934,163.461,85.759,76.517
2016-03-14 16:21:48,113.827,126.938,163.471,85.762,76.52
2016-03-14 16:21:55,113.828,126.939,163.471,85.762,76.518
2016-03-14 16:22:01,113.835,126.941,163.481,85.768,76.522
2016-03-14 16:22:08,113.835,126.938,163.48,85.767,76.521
2016-03-14 16:22:14,113.835,126.939,163.48,85.77,76.521
2016-03-14 16:22:20,113.838,126.939,163.483,85.764,76.519
2016-03-14 16:22:26,113.838,126.939,163.484,85.763,76.519
2016-03-14 16:22:32,113.834,126.937,163.479,85.762,76.514
2016-03-14 16:22:38,113.839,126.931,163.462,85.761,76.517
2016-03-14 16:22:44,113.836,126.928,163.457,85.759,76.515
2016-03-14 16:22:50,113.836,126.926,163.459,85.757,76.514
2016-03-14 16:22:56,113.825,126.918,163.443,85.751,76.508
2016-03-14 16:23:02,113.833,126.94,163.459,85.759,76.517
2016-03-14 16:23:08,113.836,126.928,163.458,85.758,76.514
2016-03-14 16:23:13,113.835,126.926,163.457,85.758,76.515
2016-03-14 16:23:20,113.835,126.926,163.457,85.757,76.514
2016-03-14 16:23:26,113.836,126.939,163.464,85.758,76.514
2016-03-14 16:23:32,113.834,126.936,163.455,85.755,76.513
2016-03-14 16:23:38,113.838,126.939,163.47,85.758,76.513
2016-03-14 16:23:44,113.84,126.941,163.498,85.761,76.517
2016-03-14 16:23:50,113.832,126.94,163.487,85.758,76.514
2016-03-14 16:23:55,113.826,126.938,163.49,85.763,76.517
2016-03-14 16:24:01,113.83,126.943,163.496,85.765,76.519
2016-03-14 16:24:08,113.83,126.946,163.501,85.766,76.52
2016-03-14 16:24:15,113.829,126.947,163.494,85.766,76.52
2016-03-14 16:24:21,113.832,126.946,163.499,85.756,76.514
2016-03-14 16:24:27,113.832,126.945,163.498,85.746,76.513
2016-03-14 16:24:33,113.833,126.939,163.488,85.746,76.513
2016-03-14 16:24:39,113.833,126.946,163.489,85.75,76.514
2016-03-14 16:24:45,113.832,126.941,163.497,85.756,76.515
2016-03-14 16:24:51,113.832,126.94,163.496,85.757,76.515
2016-03-14 16:24:57,113.832,126.935,163.494,85.756,76.514
2016-03-14 16:25:03,113.832,126.934,163.499,85.757,76.518
2016-03-14 16:25:09,113.824,126.927,163.499,85.766,76.526
2016-03-14 16:25:15,113.824,126.933,163.501,85.772,76.526
2016-03-14 16:25:21,113.823,126.932,163.493,85.758,76.521
2016-03-14 16:25:27,113.82,126.929,163.488,85.745,76.515
2016-03-14 16:25:35,113.82,126.933,163.486,85.736,76.514
2016-03-14 16:25:41,113.822,126.932,163.485,85.737,76.514
2016-03-14 16:25:47,113.819,126.922,163.482,85.745,76.52
2016-03-14 16:25:53,113.82,126.921,163.485,85.745,76.517
2016-03-14 16:25:59,113.821,126.908,163.488,85.737,76.51
2016-03-14 16:26:05,113.821,126.908,163.505,85.736,76.514
2016-03-14 16:26:10,113.823,126.892,163.497,85.741,76.513
2016-03-14 16:26:16,113.822,126.91,163.502,85.743,76.514
2016-03-14 16:26:22,113.822,126.903,163.508,85.749,76.518
2016-03-14 16:26:28,113.822,126.902,163.508,85.748,76.518
2016-03-14 16:26:34,113.822,126.898,163.508,85.75,76.517
2016-03-14 16:26:42,113.827,126.893,163.513,85.756,76.518
2016-03-14 16:26:48,113.825,126.902,163.511,85.752,76.518
2016-03-14 16:26:53,113.826,126.896,163.513,85.752,76.518
2016-03-14 16:26:59,113.827,126.894,163.514,85.752,76.516
2016-03-14 16:27:05,113.832,126.898,163.522,85.756,76.527
2016-03-14 16:27:11,113.834,126.893,163.517,85.756,76.523
2016-03-14 16:27:17,113.831,126.91,163.534,85.769,76.54
2016-03-14 16:27:23,113.832,126.905,163.534,85.768,76.542
2016-03-14 16:27:29,113.833,126.906,163.536,85.769,76.544
2016-03-14 16:27:35,113.828,126.907,163.533,85.766,76.544
2016-03-14 16:27:40,113.836,126.915,163.543,85.771,76.548
2016-03-14 16:27:47,113.843,126.918,163.562,85.776,76.55
2016-03-14 16:27:53,113.844,126.918,163.577,85.786,76.552
2016-03-14 16:27:59,113.844,126.918,163.577,85.786,76.553
2016-03-14 16:28:04,113.837,126.905,163.568,85.773,76.549
2016-03-14 16:28:10,113.837,126.909,163.558,85.774,76.548
2016-03-14 16:28:16,113.838,126.917,163.568,85.775,76.55
2016-03-14 16:28:22,113.844,126.914,163.576,85.777,76.553
2016-03-14 16:28:27,113.844,126.915,163.574,85.777,76.553
2016-03-14 16:28:33,113.843,126.914,163.574,85.778,76.561
2016-03-14 16:28:39,113.844,126.919,163.602,85.786,76.565
2016-03-14 16:28:45,113.844,126.921,163.595,85.791,76.567
2016-03-14 16:28:51,113.844,126.928,163.606,85.79,76.567
2016-03-14 16:28:57,113.844,126.924,163.614,85.794,76.566
2016-03-14 16:29:03,113.849,126.934,163.631,85.796,76.557
2016-03-14 16:29:09,113.857,126.947,163.647,85.811,76.569
2016-03-14 16:29:15,113.858,126.952,163.647,85.812,76.571
2016-03-14 16:29:21,113.856,126.943,163.629,85.811,76.56
2016-03-14 16:29:27,113.857,126.944,163.631,85.812,76.559
2016-03-14 16:29:32,113.856,126.942,163.63,85.81,76.558
2016-03-14 16:29:39,113.855,126.941,163.63,85.811,76.56
2016-03-14 16:29:45,113.852,126.945,163.625,85.809,76.561
2016-03-14 16:29:52,113.85,126.94,163.619,85.808,76.556
2016-03-14 16:29:57,113.846,126.935,163.612,85.806,76.554
2016-03-14 16:30:04,113.845,126.938,163.612,85.812,76.554
2016-03-14 16:30:10,113.837,126.929,163.616,85.804,76.548
2016-03-14 16:30:16,113.833,126.925,163.614,85.784,76.536
2016-03-14 16:30:22,113.833,126.926,163.614,85.774,76.532
2016-03-14 16:30:28,113.832,126.925,163.611,85.777,76.532
2016-03-14 16:30:34,113.832,126.925,163.611,85.778,76.532
2016-03-14 16:30:40,113.832,126.924,163.612,85.776,76.532
2016-03-14 16:30:46,113.832,126.924,163.612,85.776,76.532
2016-03-14 16:30:52,113.832,126.922,163.616,85.781,76.533
2016-03-14 16:30:57,113.832,126.924,163.64,85.791,76.548
2016-03-14 16:31:03,113.832,126.924,163.641,85.791,76.55
2016-03-14 16:31:11,113.84,126.928,163.669,85.798,76.566
2016-03-14 16:31:21,113.841,126.928,163.666,85.796,76.571
2016-03-14 16:31:28,113.839,126.926,163.663,85.795,76.574
2016-03-14 16:31:34,113.855,126.926,163.676,85.816,76.593
2016-03-14 16:31:40,113.868,126.94,163.698,85.826,76.597
2016-03-14 16:31:46,113.866,126.937,163.695,85.825,76.595
2016-03-14 16:31:52,113.869,126.94,163.698,85.824,76.595
2016-03-14 16:31:58,113.869,126.925,163.693,85.823,76.597
2016-03-14 16:32:04,113.868,126.921,163.691,85.823,76.596
2016-03-14 16:32:10,113.869,126.924,163.698,85.827,76.607
2016-03-14 16:32:16,113.867,126.925,163.688,85.826,76.605
2016-03-14 16:32:22,113.872,126.924,163.692,85.819,76.594
2016-03-14 16:32:28,113.873,126.929,163.694,85.818,76.579
2016-03-14 16:32:33,113.871,126.917,163.686,85.819,76.574
2016-03-14 16:32:39,113.868,126.919,163.688,85.817,76.572
2016-03-14 16:32:45,113.867,126.921,163.687,85.817,76.572
2016-03-14 16:32:50,113.871,126.92,163.693,85.808,76.564
2016-03-14 16:32:56,113.878,126.925,163.706,85.814,76.576
2016-03-14 16:33:02,113.88,126.924,163.706,85.814,76.576
2016-03-14 16:33:08,113.879,126.914,163.705,85.814,76.571
2016-03-14 16:33:14,113.876,126.916,163.703,85.813,76.576
2016-03-14 16:33:20,113.873,126.922,163.702,85.81,76.575
2016-03-14 16:33:26,113.869,126.915,163.696,85.807,76.574
2016-03-14 16:33:32,113.872,126.909,163.704,85.809,76.573
2016-03-14 16:33:38,113.871,126.91,163.703,85.808,76.573
2016-03-14 16:33:43,113.874,126.901,163.697,85.809,76.564
2016-03-14 16:33:50,113.871,126.892,163.685,85.805,76.56
2016-03-14 16:33:56,113.871,126.89,163.684,85.8,76.56
2016-03-14 16:34:01,113.868,126.893,163.681,85.79,76.56
2016-03-14 16:34:07,113.863,126.889,163.679,85.791,76.557
2016-03-14 16:34:13,113.862,126.888,163.677,85.791,76.558
2016-03-14 16:34:20,113.862,126.898,163.681,85.802,76.569
2016-03-14 16:34:25,113.857,126.882,163.663,85.79,76.562
2016-03-14 16:34:33,113.858,126.88,163.649,85.79,76.561
2016-03-14 16:34:39,113.858,126.883,163.662,85.799,76.566
2016-03-14 16:34:44,113.858,126.885,163.67,85.806,76.575
2016-03-14 16:34:50,113.862,126.881,163.677,85.816,76.581
2016-03-14 16:34:56,113.862,126.877,163.675,85.816,76.581
2016-03-14 16:35:03,113.859,126.878,163.675,85.811,76.586
2016-03-14 16:35:10,113.849,126.882,163.664,85.8,76.573
2016-03-14 16:35:16,113.85,126.882,163.663,85.799,76.573
2016-03-14 16:35:22,113.859,126.878,163.658,85.813,76.579
2016-03-14 16:35:28,113.857,126.881,163.656,85.812,76.578
2016-03-14 16:35:34,113.858,126.882,163.655,85.811,76.578
2016-03-14 16:35:41,113.848,126.882,163.648,85.808,76.58
2016-03-14 16:35:47,113.848,126.889,163.654,85.807,76.58
2016-03-14 16:35:53,113.848,126.89,163.659,85.81,76.581
2016-03-14 16:36:00,113.846,126.885,163.637,85.797,76.567
2016-03-14 16:36:06,113.847,126.877,163.631,85.795,76.566
2016-03-14 16:36:13,113.848,126.881,163.634,85.792,76.567
2016-03-14 16:36:19,113.847,126.879,163.636,85.792,76.566
2016-03-14 16:36:25,113.838,126.881,163.622,85.785,76.563
2016-03-14 16:36:31,113.834,126.886,163.616,85.784,76.561
2016-03-14 16:36:37,113.834,126.887,163.624,85.784,76.561
2016-03-14 16:36:43,113.834,126.888,163.624,85.782,76.561
2016-03-14 16:36:48,113.834,126.888,163.629,85.781,76.559
2016-03-14 16:36:54,113.843,126.896,163.639,85.787,76.567
2016-03-14 16:37:00,113.841,126.891,163.648,85.789,76.565
2016-03-14 16:37:06,113.84,126.882,163.645,85.787,76.565
2016-03-14 16:37:12,113.84,126.884,163.638,85.786,76.565
2016-03-14 16:37:18,113.835,126.878,163.64,85.782,76.561
2016-03-14 16:37:23,113.836,126.882,163.643,85.782,76.562
2016-03-14 16:37:29,113.84,126.89,163.661,85.786,76.565
2016-03-14 16:37:35,113.839,126.884,163.661,85.786,76.566
2016-03-14 16:37:41,113.838,126.885,163.657,85.786,76.565
2016-03-14 16:37:46,113.841,126.886,163.659,85.787,76.557
2016-03-14 16:37:53,113.84,126.884,163.658,85.786,76.558
2016-03-14 16:37:59,113.841,126.881,163.653,85.793,76.576
2016-03-14 16:38:05,113.841,126.883,163.656,85.788,76.575
2016-03-14 16:38:11,113.841,126.883,163.656,85.788,76.575
2016-03-14 16:38:17,113.84,126.882,163.656,85.795,76.585
2016-03-14 16:38:23,113.837,126.879,163.652,85.807,76.586
2016-03-14 16:38:28,113.837,126.881,163.655,85.809,76.586
2016-03-14 16:38:34,113.841,126.877,163.635,85.809,76.589
2016-03-14 16:38:40,113.841,126.88,163.635,85.808,76.589
2016-03-14 16:38:46,113.84,126.872,163.634,85.807,76.589
2016-03-14 16:38:53,113.841,126.871,163.64,85.807,76.588
2016-03-14 16:38:58,113.842,126.872,163.641,85.8,76.587
2016-03-14 16:39:06,113.841,126.872,163.638,85.8,76.588
2016-03-14 16:39:12,113.846,126.878,163.642,85.8,76.591
2016-03-14 16:39:18,113.85,126.882,163.645,85.803,76.593
2016-03-14 16:39:25,113.85,126.882,163.642,85.805,76.594
2016-03-14 16:39:31,113.848,126.879,163.641,85.803,76.594
2016-03-14 16:39:37,113.849,126.882,163.641,85.803,76.593
2016-03-14 16:39:43,113.845,126.877,163.633,85.786,76.581
2016-03-14 16:39:49,113.836,126.867,163.626,85.77,76.57
2016-03-14 16:39:55,113.818,126.862,163.6,85.76,76.559
2016-03-14 16:40:02,113.813,126.86,163.594,85.751,76.549
2016-03-14 16:40:10,113.817,126.858,163.599,85.75,76.55
2016-03-14 16:40:16,113.817,126.85,163.593,85.751,76.548
2016-03-14 16:40:23,113.817,126.836,163.592,85.744,76.544
2016-03-14 16:40:29,113.817,126.816,163.565,85.74,76.533
2016-03-14 16:40:35,113.815,126.824,163.546,85.744,76.535
2016-03-14 16:40:40,113.81,126.822,163.541,85.735,76.532
2016-03-14 16:40:46,113.812,126.813,163.546,85.739,76.531
2016-03-14 16:40:52,113.809,126.811,163.551,85.736,76.528
2016-03-14 16:40:58,113.807,126.802,163.536,85.731,76.526
2016-03-14 16:41:05,113.803,126.805,163.532,85.729,76.521
2016-03-14 16:41:11,113.8,126.79,163.493,85.717,76.519
2016-03-14 16:41:18,113.8,126.79,163.486,85.708,76.503
2016-03-14 16:41:24,113.801,126.781,163.483,85.705,76.5
2016-03-14 16:41:30,113.797,126.775,163.467,85.702,76.5
2016-03-14 16:41:36,113.797,126.772,163.468,85.702,76.498
2016-03-14 16:41:42,113.802,126.76,163.46,85.697,76.498
2016-03-14 16:41:48,113.801,126.767,163.441,85.698,76.498
2016-03-14 16:41:54,113.811,126.768,163.451,85.705,76.5
2016-03-14 16:42:01,113.817,126.766,163.465,85.706,76.504
2016-03-14 16:42:08,113.811,126.789,163.485,85.703,76.507
2016-03-14 16:42:13,113.817,126.781,163.485,85.709,76.511
2016-03-14 16:42:20,113.823,126.779,163.486,85.709,76.512
2016-03-14 16:42:26,113.825,126.782,163.487,85.712,76.512
2016-03-14 16:42:31,113.817,126.768,163.495,85.706,76.502
2016-03-14 16:42:37,113.818,126.773,163.493,85.71,76.508
2016-03-14 16:42:43,113.819,126.774,163.489,85.711,76.502
2016-03-14 16:42:49,113.819,126.78,163.494,85.711,76.502
2016-03-14 16:42:55,113.818,126.777,163.489,85.71,76.501
2016-03-14 16:43:02,113.822,126.78,163.494,85.711,76.501
2016-03-14 16:43:07,113.823,126.787,163.498,85.7,76.502
2016-03-14 16:43:13,113.836,126.794,163.522,85.717,76.512
2016-03-14 16:43:20,113.838,126.81,163.535,85.72,76.518
2016-03-14 16:43:26,113.836,126.803,163.531,85.72,76.513
2016-03-14 16:43:32,113.843,126.802,163.539,85.714,76.504
2016-03-14 16:43:38,113.852,126.811,163.553,85.721,76.508
2016-03-14 16:43:44,113.854,126.812,163.558,85.723,76.511
2016-03-14 16:43:50,113.85,126.806,163.551,85.719,76.509
2016-03-14 16:43:55,113.841,126.79,163.513,85.726,76.502
2016-03-14 16:44:01,113.847,126.796,163.523,85.736,76.519
2016-03-14 16:44:07,113.845,126.779,163.521,85.721,76.515
2016-03-14 16:44:13,113.842,126.783,163.52,85.728,76.522
2016-03-14 16:44:19,113.838,126.791,163.517,85.725,76.519
2016-03-14 16:44:25,113.836,126.787,163.516,85.715,76.521
2016-03-14 16:44:31,113.83,126.778,163.508,85.709,76.522
2016-03-14 16:44:37,113.827,126.775,163.499,85.705,76.518
2016-03-14 16:44:43,113.826,126.782,163.508,85.705,76.518
2016-03-14 16:44:49,113.828,126.788,163.51,85.709,76.52
2016-03-14 16:44:54,113.826,126.786,163.505,85.698,76.518
2016-03-14 16:45:01,113.819,126.774,163.491,85.688,76.5
2016-03-14 16:45:09,113.808,126.755,163.461,85.676,76.492
2016-03-14 16:45:15,113.809,126.759,163.468,85.682,76.497
2016-03-14 16:45:21,113.808,126.757,163.469,85.691,76.502
2016-03-14 16:45:27,113.816,126.773,163.482,85.696,76.5
2016-03-14 16:45:34,113.811,126.762,163.476,85.701,76.505
2016-03-14 16:45:40,113.801,126.754,163.46,85.699,76.504
2016-03-14 16:45:47,113.803,126.748,163.461,85.701,76.511
2016-03-14 16:45:54,113.803,126.743,163.459,85.702,76.507
2016-03-14 16:46:00,113.802,126.749,163.461,85.702,76.505
2016-03-14 16:46:06,113.802,126.774,163.46,85.7,76.508
2016-03-14 16:46:13,113.816,126.783,163.491,85.718,76.52
2016-03-14 16:46:19,113.814,126.778,163.489,85.709,76.517
2016-03-14 16:46:25,113.811,126.78,163.51,85.707,76.518
2016-03-14 16:46:31,113.806,126.774,163.504,85.71,76.515
2016-03-14 16:46:37,113.798,126.767,163.492,85.702,76.511
2016-03-14 16:46:43,113.798,126.762,163.482,85.697,76.505
2016-03-14 16:46:49,113.798,126.77,163.49,85.701,76.504
2016-03-14 16:46:55,113.801,126.777,163.504,85.71,76.511
2016-03-14 16:47:01,113.8,126.778,163.503,85.71,76.511
2016-03-14 16:47:07,113.797,126.764,163.496,85.709,76.508
2016-03-14 16:47:14,113.804,126.774,163.506,85.714,76.513
2016-03-14 16:47:20,113.807,126.775,163.508,85.716,76.514
2016-03-14 16:47:28,113.808,126.776,163.507,85.716,76.516
2016-03-14 16:47:34,113.82,126.778,163.517,85.724,76.522
2016-03-14 16:47:40,113.818,126.783,163.519,85.725,76.524
2016-03-14 16:47:47,113.824,126.778,163.525,85.73,76.526
2016-03-14 16:47:53,113.832,126.804,163.536,85.734,76.532
2016-03-14 16:48:01,113.826,126.806,163.537,85.731,76.53
2016-03-14 16:48:07,113.826,126.811,163.538,85.736,76.531
2016-03-14 16:48:14,113.826,126.816,163.538,85.744,76.539
2016-03-14 16:48:21,113.811,126.801,163.524,85.734,76.533
2016-03-14 16:48:26,113.818,126.809,163.539,85.749,76.536
2016-03-14 16:48:33,113.817,126.812,163.529,85.743,76.534
2016-03-14 16:48:39,113.798,126.791,163.493,85.729,76.521
2016-03-14 16:48:45,113.798,126.793,163.493,85.728,76.521
2016-03-14 16:48:51,113.798,126.796,163.491,85.732,76.522
2016-03-14 16:48:57,113.797,126.773,163.452,85.705,76.506
2016-03-14 16:49:03,113.795,126.769,163.444,85.704,76.505
2016-03-14 16:49:10,113.798,126.774,163.455,85.712,76.514
2016-03-14 16:49:16,113.798,126.774,163.454,85.708,76.514
2016-03-14 16:49:22,113.798,126.783,163.458,85.711,76.514
2016-03-14 16:49:28,113.795,126.784,163.455,85.711,76.512
2016-03-14 16:49:34,113.795,126.787,163.464,85.711,76.513
2016-03-14 16:49:40,113.796,126.79,163.487,85.728,76.518
2016-03-14 16:49:46,113.794,126.787,163.495,85.736,76.522
2016-03-14 16:49:52,113.795,126.787,163.497,85.737,76.524
2016-03-14 16:49:58,113.777,126.764,163.489,85.722,76.516
2016-03-14 16:50:04,113.781,126.772,163.504,85.725,76.521
2016-03-14 16:50:10,113.781,126.762,163.514,85.733,76.534
2016-03-14 16:50:17,113.782,126.763,163.518,85.731,76.534
2016-03-14 16:50:23,113.782,126.753,163.526,85.729,76.525
2016-03-14 16:50:29,113.782,126.754,163.529,85.728,76.524
2016-03-14 16:50:35,113.775,126.745,163.509,85.733,76.529
2016-03-14 16:50:40,113.776,126.725,163.485,85.713,76.519
2016-03-14 16:50:47,113.776,126.73,163.486,85.713,76.52
2016-03-14 16:50:53,113.776,126.734,163.49,85.714,76.52
2016-03-14 16:50:59,113.776,126.734,163.488,85.723,76.528
2016-03-14 16:51:04,113.782,126.739,163.5,85.728,76.535
2016-03-14 16:51:10,113.784,126.743,163.523,85.729,76.534
2016-03-14 16:51:17,113.783,126.747,163.524,85.729,76.533
2016-03-14 16:51:24,113.784,126.733,163.525,85.728,76.538
2016-03-14 16:51:30,113.791,126.74,163.547,85.748,76.543
2016-03-14 16:51:36,113.79,126.74,163.549,85.746,76.548
2016-03-14 16:51:43,113.79,126.746,163.539,85.746,76.547
2016-03-14 16:51:49,113.785,126.75,163.527,85.73,76.541
2016-03-14 16:51:56,113.779,126.755,163.532,85.722,76.532
2016-03-14 16:52:02,113.776,126.751,163.528,85.72,76.536
2016-03-14 16:52:09,113.776,126.751,163.526,85.72,76.536
2016-03-14 16:52:15,113.771,126.74,163.499,85.719,76.529
2016-03-14 16:52:22,113.771,126.738,163.499,85.719,76.533
2016-03-14 16:52:28,113.774,126.754,163.504,85.728,76.544
2016-03-14 16:52:35,113.762,126.745,163.487,85.716,76.536
2016-03-14 16:52:41,113.756,126.754,163.483,85.72,76.539
2016-03-14 16:52:49,113.743,126.734,163.445,85.703,76.525
2016-03-14 16:52:55,113.732,126.731,163.419,85.685,76.51
2016-03-14 16:53:01,113.732,126.726,163.426,85.703,76.526
2016-03-14 16:53:10,113.75,126.739,163.45,85.713,76.535
2016-03-14 16:53:21,113.744,126.735,163.452,85.712,76.535
2016-03-14 16:53:27,113.757,126.733,163.47,85.72,76.54
2016-03-14 16:53:33,113.76,126.734,163.473,85.724,76.537
2016-03-14 16:53:40,113.767,126.742,163.483,85.729,76.543
2016-03-14 16:53:46,113.762,126.733,163.472,85.726,76.539
2016-03-14 16:53:52,113.766,126.74,163.475,85.73,76.541
2016-03-14 16:53:59,113.767,126.746,163.478,85.736,76.54
2016-03-14 16:54:05,113.766,126.757,163.49,85.754,76.55
2016-03-14 16:54:11,113.767,126.765,163.492,85.745,76.559
2016-03-14 16:54:18,113.766,126.765,163.494,85.744,76.557
2016-03-14 16:54:23,113.767,126.759,163.496,85.744,76.571
2016-03-14 16:54:29,113.759,126.751,163.487,85.748,76.584
2016-03-14 16:54:36,113.751,126.747,163.478,85.741,76.586
2016-03-14 16:54:42,113.752,126.749,163.478,85.745,76.585
2016-03-14 16:54:49,113.77,126.761,163.495,85.752,76.592
2016-03-14 16:54:55,113.769,126.763,163.498,85.754,76.592
2016-03-14 16:55:01,113.763,126.767,163.495,85.75,76.6
2016-03-14 16:55:07,113.76,126.762,163.491,85.754,76.6
2016-03-14 16:55:12,113.761,126.764,163.497,85.755,76.595
2016-03-14 16:55:21,113.756,126.763,163.489,85.752,76.599
2016-03-14 16:55:27,113.744,126.735,163.463,85.736,76.587
2016-03-14 16:55:33,113.744,126.732,163.466,85.745,76.592
2016-03-14 16:55:40,113.744,126.733,163.463,85.745,76.588
2016-03-14 16:55:46,113.752,126.741,163.477,85.744,76.591
2016-03-14 16:55:54,113.753,126.729,163.466,85.744,76.586
2016-03-14 16:56:00,113.753,126.722,163.462,85.743,76.585
2016-03-14 16:56:07,113.757,126.724,163.466,85.748,76.584
2016-03-14 16:56:13,113.754,126.721,163.472,85.758,76.587
2016-03-14 16:56:20,113.746,126.724,163.469,85.753,76.589
2016-03-14 16:56:26,113.751,126.717,163.476,85.757,76.591
2016-03-14 16:56:32,113.751,126.717,163.476,85.757,76.591
2016-03-14 16:56:38,113.756,126.722,163.485,85.76,76.593
2016-03-14 16:56:44,113.76,126.723,163.497,85.771,76.592
2016-03-14 16:56:49,113.762,126.726,163.502,85.774,76.59
2016-03-14 16:56:55,113.767,126.739,163.509,85.779,76.588
2016-03-14 16:57:02,113.776,126.74,163.522,85.782,76.591
2016-03-14 16:57:08,113.775,126.735,163.521,85.78,76.59
2016-03-14 16:57:14,113.77,126.732,163.509,85.769,76.571
2016-03-14 16:57:21,113.779,126.731,163.527,85.778,76.576
2016-03-14 16:57:27,113.779,126.725,163.523,85.779,76.57
2016-03-14 16:57:33,113.784,126.726,163.533,85.781,76.571
2016-03-14 16:57:39,113.788,126.726,163.541,85.784,76.574
2016-03-14 16:57:45,113.792,126.736,163.571,85.781,76.576
2016-03-14 16:57:51,113.79,126.736,163.567,85.781,76.575
2016-03-14 16:57:57,113.791,126.736,163.567,85.782,76.575
2016-03-14 16:58:02,113.789,126.733,163.564,85.78,76.574
2016-03-14 16:58:09,113.794,126.729,163.551,85.783,76.576
2016-03-14 16:58:15,113.791,126.738,163.548,85.772,76.573
2016-03-14 16:58:21,113.791,126.738,163.548,85.772,76.573
2016-03-14 16:58:26,113.787,126.721,163.524,85.762,76.565
2016-03-14 16:58:32,113.787,126.718,163.496,85.755,76.557
2016-03-14 16:58:39,113.793,126.709,163.488,85.76,76.549
2016-03-14 16:58:45,113.792,126.717,163.498,85.758,76.552
2016-03-14 16:58:51,113.793,126.726,163.5,85.761,76.551
2016-03-14 16:58:56,113.793,126.729,163.501,85.759,76.555
2016-03-14 16:59:02,113.792,126.733,163.499,85.758,76.553
2016-03-14 16:59:08,113.789,126.724,163.492,85.755,76.551
2016-03-14 16:59:15,113.784,126.725,163.479,85.75,76.55
2016-03-14 16:59:23,113.769,126.707,163.463,85.727,76.541
2016-03-14 16:59:29,113.769,126.705,163.465,85.728,76.546
2016-03-14 16:59:35,113.764,126.709,163.475,85.724,76.543
2016-03-14 16:59:40,113.765,126.725,163.477,85.727,76.542
2016-03-14 16:59:46,113.762,126.724,163.475,85.725,76.54
2016-03-14 16:59:52,113.759,126.731,163.474,85.735,76.551
2016-03-14 16:59:58,113.764,126.736,163.477,85.737,76.552
2016-03-14 17:00:04,113.769,126.769,163.49,85.747,76.562
2016-03-14 17:00:09,113.732,126.697,163.454,85.724,76.537
2016-03-14 17:00:15,113.751,126.726,163.482,85.74,76.57
2016-03-14 17:00:24,113.76,126.714,163.505,85.74,76.573
2016-03-14 17:00:30,113.758,126.711,163.506,85.742,76.576
2016-03-14 17:00:35,113.747,126.683,163.472,85.731,76.569
2016-03-14 17:00:42,113.75,126.687,163.478,85.736,76.57
2016-03-14 17:00:47,113.751,126.671,163.466,85.725,76.565
2016-03-14 17:00:53,113.753,126.672,163.442,85.729,76.561
2016-03-14 17:00:59,113.755,126.667,163.454,85.728,76.563
2016-03-14 17:01:05,113.756,126.656,163.458,85.72,76.561
2016-03-14 17:01:11,113.757,126.66,163.468,85.721,76.561
2016-03-14 17:01:17,113.755,126.668,163.466,85.716,76.555
2016-03-14 17:01:23,113.754,126.671,163.448,85.716,76.556
2016-03-14 17:01:31,113.753,126.673,163.44,85.705,76.546
2016-03-14 17:01:38,113.753,126.667,163.445,85.707,76.544
2016-03-14 17:01:44,113.758,126.66,163.429,85.711,76.539
2016-03-14 17:01:50,113.758,126.658,163.435,85.71,76.538
2016-03-14 17:01:57,113.757,126.651,163.407,85.697,76.527
2016-03-14 17:02:05,113.751,126.657,163.407,85.683,76.505
2016-03-14 17:02:12,113.748,126.656,163.408,85.665,76.497
2016-03-14 17:02:18,113.748,126.656,163.407,85.664,76.482
2016-03-14 17:02:24,113.758,126.67,163.446,85.674,76.482
2016-03-14 17:02:30,113.75,126.673,163.438,85.669,76.485
2016-03-14 17:02:39,113.744,126.667,163.435,85.662,76.481
2016-03-14 17:02:45,113.723,126.651,163.406,85.634,76.47
2016-03-14 17:02:51,113.699,126.644,163.365,85.607,76.441
2016-03-14 17:02:57,113.708,126.646,163.386,85.604,76.448
2016-03-14 17:03:03,113.701,126.639,163.369,85.61,76.446
2016-03-14 17:03:10,113.705,126.643,163.384,85.614,76.449
2016-03-14 17:03:16,113.711,126.642,163.39,85.629,76.459
2016-03-14 17:03:23,113.715,126.636,163.396,85.632,76.467
2016-03-14 17:03:34,113.719,126.638,163.413,85.636,76.469
2016-03-14 17:03:40,113.722,126.627,163.423,85.637,76.47
2016-03-14 17:03:46,113.723,126.626,163.434,85.649,76.478
2016-03-14 17:03:53,113.724,126.628,163.435,85.651,76.48
2016-03-14 17:03:58,113.72,126.62,163.42,85.638,76.471
2016-03-14 17:04:04,113.73,126.63,163.43,85.645,76.476
2016-03-14 17:04:10,113.727,126.632,163.44,85.651,76.485
2016-03-14 17:04:16,113.723,126.626,163.435,85.639,76.478
2016-03-14 17:04:23,113.716,126.628,163.424,85.631,76.469
2016-03-14 17:04:29,113.712,126.626,163.407,85.639,76.473
2016-03-14 17:04:35,113.72,126.628,163.416,85.645,76.478
2016-03-14 17:04:40,113.739,126.639,163.454,85.66,76.49
2016-03-14 17:04:46,113.743,126.649,163.461,85.666,76.498
2016-03-14 17:04:53,113.738,126.641,163.452,85.661,76.481
2016-03-14 17:04:59,113.751,126.65,163.469,85.682,76.492
2016-03-14 17:05:05,113.749,126.639,163.456,85.657,76.483
2016-03-14 17:05:10,113.747,126.648,163.459,85.658,76.479
2016-03-14 17:05:16,113.742,126.643,163.449,85.654,76.475
2016-03-14 17:05:22,113.748,126.651,163.458,85.658,76.476
2016-03-14 17:05:28,113.748,126.654,163.462,85.679,76.484
2016-03-14 17:05:34,113.754,126.663,163.474,85.672,76.484
2016-03-14 17:05:39,113.75,126.662,163.466,85.669,76.479
2016-03-14 17:05:45,113.764,126.677,163.489,85.69,76.493
2016-03-14 17:05:51,113.763,126.675,163.486,85.692,76.496
2016-03-14 17:05:57,113.759,126.678,163.482,85.675,76.486
2016-03-14 17:06:03,113.758,126.678,163.49,85.676,76.485
2016-03-14 17:06:09,113.762,126.68,163.489,85.678,76.487
2016-03-14 17:06:14,113.761,126.68,163.475,85.679,76.489
2016-03-14 17:06:20,113.76,126.678,163.474,85.679,76.487
2016-03-14 17:06:26,113.759,126.68,163.473,85.676,76.487
2016-03-14 17:06:33,113.757,126.677,163.469,85.675,76.485
2016-03-14 17:06:39,113.754,126.677,163.465,85.673,76.483
2016-03-14 17:06:45,113.748,126.671,163.454,85.67,76.469
2016-03-14 17:06:50,113.756,126.679,163.468,85.682,76.475
2016-03-14 17:06:56,113.755,126.678,163.466,85.681,76.475
2016-03-14 17:07:02,113.756,126.679,163.47,85.673,76.474
2016-03-14 17:07:08,113.752,126.689,163.467,85.673,76.471
2016-03-14 17:07:14,113.755,126.684,163.47,85.673,76.472
2016-03-14 17:07:20,113.761,126.68,163.473,85.67,76.461
2016-03-14 17:07:27,113.757,126.673,163.469,85.668,76.46
2016-03-14 17:07:33,113.747,126.668,163.449,85.658,76.455
2016-03-14 17:07:39,113.752,126.67,163.465,85.672,76.465
2016-03-14 17:07:45,113.751,126.669,163.473,85.673,76.466
2016-03-14 17:07:51,113.751,126.668,163.471,85.676,76.467
2016-03-14 17:07:57,113.749,126.667,163.467,85.671,76.466
2016-03-14 17:08:03,113.756,126.668,163.467,85.675,76.459
2016-03-14 17:08:09,113.757,126.653,163.471,85.681,76.471
2016-03-14 17:08:15,113.754,126.653,163.453,85.676,76.469
2016-03-14 17:08:21,113.75,126.653,163.449,85.674,76.465
2016-03-14 17:08:27,113.733,126.647,163.438,85.672,76.465
2016-03-14 17:08:34,113.738,126.654,163.454,85.678,76.47
2016-03-14 17:08:39,113.74,126.66,163.447,85.673,76.47
2016-03-14 17:08:45,113.751,126.663,163.443,85.68,76.474
2016-03-14 17:08:51,113.76,126.659,163.457,85.681,76.478
2016-03-14 17:08:57,113.752,126.651,163.43,85.669,76.466
2016-03-14 17:09:04,113.74,126.647,163.416,85.659,76.458
2016-03-14 17:09:09,113.737,126.641,163.413,85.659,76.457
2016-03-14 17:09:15,113.744,126.644,163.422,85.664,76.459
2016-03-14 17:09:22,113.743,126.646,163.432,85.664,76.46
2016-03-14 17:09:29,113.744,126.654,163.433,85.665,76.459
2016-03-14 17:09:35,113.743,126.653,163.436,85.662,76.459
2016-03-14 17:09:41,113.735,126.639,163.419,85.659,76.453
2016-03-14 17:09:47,113.731,126.641,163.413,85.651,76.45
2016-03-14 17:09:54,113.729,126.641,163.436,85.646,76.451
2016-03-14 17:10:00,113.738,126.648,163.439,85.649,76.454
2016-03-14 17:10:06,113.736,126.646,163.43,85.656,76.457
2016-03-14 17:10:12,113.736,126.649,163.435,85.66,76.453
2016-03-14 17:10:18,113.736,126.648,163.433,85.659,76.455
2016-03-14 17:10:23,113.738,126.65,163.435,85.659,76.459
2016-03-14 17:10:30,113.741,126.652,163.428,85.66,76.46
2016-03-14 17:10:36,113.742,126.653,163.429,85.66,76.46
2016-03-14 17:10:42,113.743,126.651,163.423,85.662,76.462
2016-03-14 17:10:47,113.741,126.643,163.417,85.659,76.461
2016-03-14 17:10:53,113.745,126.645,163.408,85.66,76.465
2016-03-14 17:11:00,113.742,126.643,163.397,85.647,76.452
2016-03-14 17:11:06,113.741,126.643,163.394,85.648,76.452
2016-03-14 17:11:12,113.742,126.65,163.408,85.658,76.459
2016-03-14 17:11:18,113.742,126.651,163.403,85.659,76.459
2016-03-14 17:11:24,113.742,126.654,163.403,85.66,76.459
2016-03-14 17:11:31,113.742,126.647,163.394,85.66,76.459
2016-03-14 17:11:37,113.742,126.648,163.394,85.662,76.459
2016-03-14 17:11:43,113.751,126.653,163.406,85.672,76.465
2016-03-14 17:11:49,113.759,126.655,163.416,85.674,76.469
2016-03-14 17:11:55,113.756,126.656,163.419,85.675,76.468
2016-03-14 17:12:02,113.759,126.666,163.419,85.684,76.472
2016-03-14 17:12:08,113.761,126.669,163.431,85.686,76.48
2016-03-14 17:12:14,113.761,126.668,163.426,85.686,76.482
2016-03-14 17:12:19,113.757,126.665,163.429,85.698,76.494
2016-03-14 17:12:25,113.746,126.658,163.421,85.689,76.488
2016-03-14 17:12:31,113.749,126.657,163.42,85.689,76.487
2016-03-14 17:12:38,113.739,126.651,163.407,85.682,76.48
2016-03-14 17:12:45,113.746,126.65,163.413,85.686,76.482
2016-03-14 17:12:50,113.752,126.618,163.415,85.691,76.484
2016-03-14 17:12:57,113.75,126.603,163.392,85.681,76.478
2016-03-14 17:13:03,113.749,126.61,163.396,85.68,76.478
2016-03-14 17:13:09,113.746,126.602,163.387,85.676,76.476
2016-03-14 17:13:15,113.745,126.579,163.375,85.665,76.462
2016-03-14 17:13:21,113.747,126.562,163.378,85.666,76.463
2016-03-14 17:13:26,113.75,126.577,163.38,85.673,76.468
2016-03-14 17:13:32,113.75,126.575,163.38,85.668,76.466
2016-03-14 17:13:38,113.755,126.564,163.369,85.665,76.46
2016-03-14 17:13:44,113.755,126.576,163.372,85.66,76.455
2016-03-14 17:13:51,113.754,126.596,163.384,85.664,76.448
2016-03-14 17:13:57,113.751,126.591,163.383,85.656,76.445
2016-03-14 17:14:03,113.753,126.593,163.373,85.648,76.433
2016-03-14 17:14:09,113.754,126.597,163.371,85.638,76.428
2016-03-14 17:14:14,113.752,126.596,163.367,85.637,76.428
2016-03-14 17:14:20,113.757,126.61,163.388,85.639,76.43
2016-03-14 17:14:26,113.758,126.611,163.385,85.629,76.427
2016-03-14 17:14:32,113.757,126.608,163.385,85.627,76.424
2016-03-14 17:14:38,113.756,126.611,163.377,85.617,76.42
2016-03-14 17:14:44,113.758,126.609,163.388,85.609,76.42
2016-03-14 17:14:49,113.757,126.617,163.389,85.626,76.422
2016-03-14 17:14:57,113.763,126.618,163.398,85.623,76.419
2016-03-14 17:15:03,113.758,126.608,163.398,85.608,76.407
2016-03-14 17:15:09,113.76,126.604,163.403,85.618,76.412
2016-03-14 17:15:15,113.761,126.605,163.41,85.63,76.413
2016-03-14 17:15:21,113.76,126.601,163.407,85.629,76.415
2016-03-14 17:15:28,113.759,126.597,163.407,85.633,76.419
2016-03-14 17:15:35,113.761,126.583,163.426,85.63,76.413
2016-03-14 17:15:43,113.763,126.593,163.422,85.622,76.397
2016-03-14 17:15:49,113.758,126.589,163.419,85.615,76.389
2016-03-14 17:15:55,113.757,126.558,163.409,85.615,76.391
2016-03-14 17:16:01,113.758,126.558,163.412,85.615,76.389
2016-03-14 17:16:07,113.758,126.546,163.414,85.615,76.38
2016-03-14 17:16:13,113.75,126.545,163.371,85.604,76.38
2016-03-14 17:16:19,113.747,126.543,163.366,85.6,76.378
2016-03-14 17:16:25,113.748,126.55,163.369,85.598,76.371
2016-03-14 17:16:31,113.748,126.548,163.373,85.6,76.372
2016-03-14 17:16:37,113.741,126.544,163.351,85.592,76.368
2016-03-14 17:16:43,113.75,126.554,163.337,85.598,76.374
2016-03-14 17:16:49,113.746,126.537,163.321,85.596,76.373
2016-03-14 17:16:55,113.737,126.527,163.284,85.586,76.366
2016-03-14 17:17:02,113.739,126.514,163.291,85.588,76.368
2016-03-14 17:17:08,113.747,126.541,163.291,85.594,76.372
2016-03-14 17:17:14,113.75,126.547,163.283,85.598,76.384
2016-03-14 17:17:21,113.754,126.55,163.281,85.599,76.384
2016-03-14 17:17:27,113.76,126.565,163.309,85.633,76.401
2016-03-14 17:17:33,113.759,126.565,163.279,85.629,76.4
2016-03-14 17:17:39,113.754,126.562,163.299,85.628,76.402
2016-03-14 17:17:45,113.749,126.549,163.272,85.622,76.397
2016-03-14 17:17:52,113.731,126.528,163.241,85.61,76.385
2016-03-14 17:17:58,113.73,126.528,163.24,85.603,76.384
2016-03-14 17:18:03,113.725,126.525,163.239,85.605,76.38
2016-03-14 17:18:09,113.728,126.52,163.228,85.601,76.373
2016-03-14 17:18:15,113.728,126.512,163.227,85.609,76.374
2016-03-14 17:18:22,113.732,126.509,163.211,85.608,76.374
2016-03-14 17:18:28,113.734,126.494,163.204,85.601,76.372
2016-03-14 17:18:34,113.734,126.506,163.19,85.599,76.372
2016-03-14 17:18:40,113.734,126.506,163.192,85.599,76.37
2016-03-14 17:18:47,113.734,126.51,163.192,85.598,76.37
2016-03-14 17:18:53,113.741,126.508,163.2,85.6,76.374
2016-03-14 17:18:59,113.741,126.514,163.202,85.601,76.377
2016-03-14 17:19:05,113.74,126.511,163.202,85.598,76.378
2016-03-14 17:19:10,113.744,126.519,163.209,85.606,76.384
2016-03-14 17:19:16,113.74,126.512,163.202,85.594,76.382
2016-03-14 17:19:23,113.738,126.511,163.199,85.589,76.378
2016-03-14 17:19:29,113.738,126.508,163.198,85.59,76.379
2016-03-14 17:19:36,113.739,126.517,163.203,85.591,76.379
2016-03-14 17:19:42,113.741,126.517,163.204,85.59,76.38
2016-03-14 17:19:49,113.744,126.52,163.234,85.6,76.391
2016-03-14 17:19:55,113.74,126.515,163.228,85.591,76.389
2016-03-14 17:20:02,113.733,126.513,163.227,85.585,76.384
2016-03-14 17:20:08,113.725,126.503,163.202,85.58,76.377
2016-03-14 17:20:14,113.726,126.504,163.201,85.581,76.375
2016-03-14 17:20:20,113.725,126.501,163.195,85.58,76.369
2016-03-14 17:20:25,113.727,126.501,163.197,85.58,76.369
2016-03-14 17:20:31,113.726,126.51,163.204,85.581,76.369
2016-03-14 17:20:38,113.713,126.505,163.189,85.572,76.362
2016-03-14 17:20:46,113.707,126.505,163.177,85.576,76.359
2016-03-14 17:20:51,113.7,126.494,163.172,85.569,76.353
2016-03-14 17:20:57,113.698,126.476,163.166,85.568,76.352
2016-03-14 17:21:04,113.697,126.467,163.161,85.568,76.349
2016-03-14 17:21:10,113.682,126.444,163.128,85.557,76.34
2016-03-14 17:21:16,113.685,126.446,163.119,85.562,76.341
2016-03-14 17:21:22,113.686,126.444,163.121,85.56,76.341
2016-03-14 17:21:28,113.687,126.458,163.128,85.56,76.342
2016-03-14 17:21:35,113.687,126.455,163.129,85.565,76.347
2016-03-14 17:21:43,113.684,126.453,163.129,85.57,76.352
2016-03-14 17:21:51,113.692,126.462,163.148,85.574,76.358
2016-03-14 17:21:56,113.688,126.456,163.148,85.573,76.356
2016-03-14 17:22:03,113.694,126.464,163.16,85.578,76.359
2016-03-14 17:22:09,113.696,126.465,163.163,85.58,76.363
2016-03-14 17:22:15,113.699,126.471,163.185,85.585,76.368
2016-03-14 17:22:21,113.699,126.467,163.198,85.585,76.367
2016-03-14 17:22:27,113.698,126.477,163.21,85.594,76.374
2016-03-14 17:22:33,113.694,126.463,163.208,85.589,76.372
2016-03-14 17:22:39,113.7,126.457,163.202,85.593,76.369
2016-03-14 17:22:45,113.703,126.458,163.217,85.596,76.376
2016-03-14 17:22:52,113.702,126.465,163.232,85.601,76.384
2016-03-14 17:22:57,113.702,126.469,163.235,85.599,76.384
2016-03-14 17:23:03,113.706,126.472,163.242,85.602,76.384
2016-03-14 17:23:09,113.708,126.468,163.239,85.603,76.383
2016-03-14 17:23:16,113.709,126.468,163.241,85.6,76.384
2016-03-14 17:23:23,113.706,126.462,163.226,85.588,76.379
2016-03-14 17:23:34,113.706,126.457,163.206,85.579,76.375
2016-03-14 17:23:40,113.706,126.465,163.219,85.577,76.373
2016-03-14 17:23:46,113.704,126.471,163.222,85.576,76.372
2016-03-14 17:23:52,113.704,126.463,163.215,85.576,76.372
2016-03-14 17:23:58,113.695,126.463,163.21,85.579,76.372
2016-03-14 17:24:04,113.692,126.466,163.208,85.577,76.369
2016-03-14 17:24:10,113.689,126.466,163.2,85.576,76.367
2016-03-14 17:24:17,113.684,126.475,163.214,85.572,76.364
2016-03-14 17:24:23,113.692,126.485,163.23,85.578,76.367
2016-03-14 17:24:29,113.688,126.484,163.218,85.545,76.356
2016-03-14 17:24:38,113.69,126.468,163.22,85.545,76.353
2016-03-14 17:24:44,113.69,126.475,163.222,85.547,76.358
2016-03-14 17:24:50,113.693,126.452,163.214,85.55,76.359
2016-03-14 17:24:56,113.708,126.458,163.234,85.57,76.367
2016-03-14 17:25:03,113.706,126.452,163.234,85.563,76.367
2016-03-14 17:25:09,113.714,126.423,163.194,85.567,76.375
2016-03-14 17:25:15,113.717,126.423,163.201,85.571,76.376
2016-03-14 17:25:21,113.723,126.435,163.206,85.572,76.378
2016-03-14 17:25:27,113.717,126.446,163.201,85.568,76.376
2016-03-14 17:25:32,113.713,126.447,163.228,85.566,76.373
2016-03-14 17:25:38,113.714,126.444,163.225,85.565,76.371
2016-03-14 17:25:44,113.714,126.426,163.215,85.564,76.371
2016-03-14 17:25:51,113.728,126.438,163.234,85.575,76.381
2016-03-14 17:25:57,113.73,126.449,163.249,85.579,76.395
2016-03-14 17:26:03,113.733,126.425,163.238,85.576,76.392
2016-03-14 17:26:10,113.731,126.42,163.235,85.575,76.392
2016-03-14 17:26:16,113.729,126.417,163.219,85.575,76.393
2016-03-14 17:26:24,113.732,126.402,163.227,85.563,76.386
2016-03-14 17:26:30,113.732,126.419,163.238,85.553,76.379
2016-03-14 17:26:36,113.73,126.415,163.224,85.552,76.38
2016-03-14 17:26:42,113.73,126.42,163.247,85.554,76.381
2016-03-14 17:26:48,113.73,126.427,163.247,85.553,76.397
2016-03-14 17:26:54,113.732,126.417,163.246,85.555,76.398
2016-03-14 17:27:01,113.736,126.418,163.251,85.558,76.4
2016-03-14 17:27:07,113.734,126.428,163.251,85.568,76.409
2016-03-14 17:27:13,113.734,126.411,163.257,85.57,76.413
2016-03-14 17:27:20,113.727,126.433,163.268,85.568,76.416
2016-03-14 17:27:26,113.729,126.442,163.271,85.573,76.418
2016-03-14 17:27:32,113.729,126.441,163.287,85.574,76.42
2016-03-14 17:27:38,113.72,126.43,163.261,85.56,76.415
2016-03-14 17:27:44,113.722,126.421,163.236,85.563,76.414
2016-03-14 17:27:51,113.721,126.435,163.25,85.561,76.414
2016-03-14 17:27:57,113.721,126.437,163.251,85.559,76.414
2016-03-14 17:28:03,113.715,126.421,163.222,85.552,76.409
2016-03-14 17:28:09,113.712,126.419,163.223,85.549,76.406
2016-03-14 17:28:15,113.719,126.419,163.24,85.554,76.409
2016-03-14 17:28:22,113.714,126.432,163.24,85.551,76.408
2016-03-14 17:28:28,113.714,126.434,163.234,85.556,76.409
2016-03-14 17:28:34,113.715,126.436,163.236,85.558,76.407
2016-03-14 17:28:40,113.721,126.426,163.245,85.557,76.402
2016-03-14 17:28:47,113.718,126.397,163.213,85.546,76.39
2016-03-14 17:28:55,113.722,126.41,163.23,85.558,76.39
2016-03-14 17:29:01,113.726,126.404,163.222,85.548,76.391
2016-03-14 17:29:06,113.735,126.412,163.235,85.556,76.398
2016-03-14 17:29:13,113.74,126.405,163.242,85.572,76.412
2016-03-14 17:29:19,113.739,126.388,163.241,85.572,76.416
2016-03-14 17:29:25,113.737,126.398,163.237,85.579,76.413
2016-03-14 17:29:33,113.733,126.39,163.221,85.569,76.402
2016-03-14 17:29:38,113.733,126.383,163.204,85.567,76.404
2016-03-14 17:29:44,113.737,126.386,163.208,85.569,76.4
2016-03-14 17:29:50,113.744,126.4,163.228,85.575,76.407
2016-03-14 17:29:56,113.743,126.407,163.215,85.576,76.406
2016-03-14 17:30:03,113.74,126.4,163.218,85.582,76.415
2016-03-14 17:30:09,113.742,126.42,163.24,85.584,76.416
2016-03-14 17:30:14,113.745,126.427,163.224,85.587,76.422
2016-03-14 17:30:20,113.746,126.43,163.228,85.579,76.418
2016-03-14 17:30:26,113.744,126.414,163.234,85.577,76.418
2016-03-14 17:30:34,113.745,126.406,163.239,85.577,76.411
2016-03-14 17:30:41,113.745,126.404,163.227,85.577,76.415
2016-03-14 17:30:47,113.746,126.405,163.227,85.578,76.414
2016-03-14 17:30:53,113.741,126.42,163.232,85.574,76.416
2016-03-14 17:30:59,113.736,126.416,163.236,85.57,76.412
2016-03-14 17:31:05,113.737,126.41,163.238,85.572,76.404
2016-03-14 17:31:10,113.737,126.41,163.236,85.572,76.403
2016-03-14 17:31:16,113.742,126.403,163.232,85.575,76.405
2016-03-14 17:31:22,113.743,126.405,163.234,85.576,76.405
2016-03-14 17:31:28,113.743,126.403,163.234,85.576,76.407
2016-03-14 17:31:33,113.745,126.406,163.245,85.585,76.408
2016-03-14 17:31:39,113.746,126.406,163.249,85.585,76.408
2016-03-14 17:31:45,113.747,126.402,163.25,85.583,76.41
2016-03-14 17:31:50,113.743,126.399,163.235,85.576,76.409
2016-03-14 17:31:57,113.737,126.403,163.238,85.571,76.403
2016-03-14 17:32:03,113.742,126.412,163.258,85.585,76.413
2016-03-14 17:32:09,113.742,126.412,163.259,85.586,76.412
2016-03-14 17:32:14,113.742,126.414,163.259,85.585,76.409
2016-03-14 17:32:20,113.742,126.413,163.258,85.585,76.409
2016-03-14 17:32:26,113.741,126.408,163.261,85.584,76.409
2016-03-14 17:32:32,113.74,126.407,163.259,85.585,76.409
2016-03-14 17:32:38,113.737,126.4,163.254,85.582,76.41
2016-03-14 17:32:44,113.743,126.398,163.26,85.586,76.411
2016-03-14 17:32:52,113.741,126.396,163.255,85.584,76.409
2016-03-14 17:32:58,113.739,126.4,163.251,85.585,76.409
2016-03-14 17:33:03,113.735,126.399,163.249,85.582,76.407
2016-03-14 17:33:09,113.749,126.411,163.269,85.592,76.414
2016-03-14 17:33:15,113.749,126.414,163.268,85.582,76.41
2016-03-14 17:33:21,113.745,126.411,163.261,85.586,76.41
2016-03-14 17:33:27,113.748,126.416,163.279,85.59,76.412
2016-03-14 17:33:34,113.745,126.411,163.267,85.588,76.41
2016-03-14 17:33:39,113.738,126.397,163.262,85.584,76.411
2016-03-14 17:33:47,113.738,126.408,163.273,85.585,76.407
2016-03-14 17:33:53,113.736,126.408,163.272,85.582,76.41
2016-03-14 17:34:00,113.732,126.41,163.255,85.579,76.408
2016-03-14 17:34:06,113.731,126.41,163.255,85.578,76.407
2016-03-14 17:34:12,113.731,126.415,163.258,85.579,76.407
2016-03-14 17:34:19,113.734,126.422,163.248,85.578,76.407
2016-03-14 17:34:25,113.733,126.417,163.241,85.577,76.398
2016-03-14 17:34:32,113.733,126.411,163.241,85.577,76.398
2016-03-14 17:34:38,113.733,126.422,163.242,85.576,76.399
2016-03-14 17:34:44,113.733,126.432,163.243,85.576,76.399
2016-03-14 17:34:49,113.733,126.427,163.243,85.577,76.399
2016-03-14 17:34:55,113.737,126.43,163.248,85.579,76.397
2016-03-14 17:35:03,113.746,126.44,163.267,85.586,76.397
2016-03-14 17:35:11,113.748,126.443,163.278,85.59,76.404
2016-03-14 17:35:17,113.743,126.453,163.279,85.585,76.403
2016-03-14 17:35:23,113.75,126.465,163.289,85.587,76.396
2016-03-14 17:35:28,113.745,126.46,163.283,85.573,76.395
2016-03-14 17:35:34,113.745,126.461,163.284,85.574,76.396
2016-03-14 17:35:40,113.744,126.465,163.286,85.574,76.395
2016-03-14 17:35:46,113.743,126.479,163.285,85.584,76.397
2016-03-14 17:35:52,113.745,126.48,163.293,85.585,76.397
2016-03-14 17:35:57,113.742,126.468,163.287,85.582,76.396
2016-03-14 17:36:06,113.735,126.468,163.297,85.574,76.391
2016-03-14 17:36:12,113.74,126.474,163.306,85.579,76.395
2016-03-14 17:36:19,113.743,126.473,163.313,85.582,76.398
2016-03-14 17:36:25,113.748,126.474,163.32,85.586,76.402
2016-03-14 17:36:31,113.741,126.467,163.301,85.575,76.396
2016-03-14 17:36:36,113.746,126.472,163.3,85.577,76.395
2016-03-14 17:36:42,113.747,126.48,163.303,85.585,76.399
2016-03-14 17:36:48,113.748,126.477,163.318,85.586,76.4
2016-03-14 17:36:55,113.747,126.473,163.325,85.593,76.409
2016-03-14 17:37:01,113.75,126.467,163.298,85.587,76.401
2016-03-14 17:37:07,113.747,126.468,163.294,85.586,76.401
2016-03-14 17:37:13,113.744,126.471,163.304,85.586,76.396
2016-03-14 17:37:19,113.748,126.467,163.303,85.586,76.4
2016-03-14 17:37:26,113.746,126.47,163.281,85.576,76.393
2016-03-14 17:37:32,113.748,126.471,163.283,85.579,76.394
2016-03-14 17:37:38,113.747,126.469,163.285,85.579,76.393
2016-03-14 17:37:44,113.747,126.471,163.289,85.579,76.393
2016-03-14 17:37:51,113.747,126.467,163.292,85.578,76.392
2016-03-14 17:37:58,113.747,126.471,163.294,85.585,76.393
2016-03-14 17:38:04,113.752,126.477,163.31,85.59,76.397
2016-03-14 17:38:10,113.749,126.484,163.335,85.59,76.401
2016-03-14 17:38:16,113.75,126.465,163.338,85.586,76.398
2016-03-14 17:38:23,113.762,126.454,163.34,85.588,76.399
2016-03-14 17:38:29,113.762,126.453,163.332,85.591,76.398
2016-03-14 17:38:35,113.76,126.451,163.337,85.589,76.396
2016-03-14 17:38:41,113.758,126.45,163.33,85.587,76.398
2016-03-14 17:38:49,113.756,126.448,163.326,85.585,76.4
2016-03-14 17:38:55,113.753,126.432,163.325,85.582,76.394
2016-03-14 17:39:02,113.755,126.426,163.319,85.591,76.4
2016-03-14 17:39:08,113.756,126.428,163.32,85.592,76.396
2016-03-14 17:39:13,113.757,126.432,163.319,85.593,76.396
2016-03-14 17:39:20,113.757,126.432,163.32,85.59,76.398
2016-03-14 17:39:26,113.752,126.428,163.316,85.584,76.396
2016-03-14 17:39:32,113.75,126.434,163.306,85.588,76.394
2016-03-14 17:39:39,113.744,126.438,163.294,85.583,76.393
2016-03-14 17:39:45,113.732,126.428,163.246,85.568,76.387
2016-03-14 17:39:52,113.731,126.43,163.248,85.57,76.386
2016-03-14 17:39:59,113.736,126.434,163.261,85.575,76.385
2016-03-14 17:40:05,113.736,126.442,163.273,85.579,76.391
2016-03-14 17:40:11,113.736,126.441,163.273,85.58,76.393
2016-03-14 17:40:17,113.731,126.437,163.281,85.589,76.398
2016-03-14 17:40:23,113.735,126.437,163.267,85.575,76.392
2016-03-14 17:40:29,113.741,126.442,163.279,85.581,76.396
2016-03-14 17:40:35,113.736,126.441,163.286,85.582,76.395
2016-03-14 17:40:41,113.734,126.441,163.283,85.581,76.395
2016-03-14 17:40:47,113.734,126.44,163.288,85.581,76.395
2016-03-14 17:40:53,113.746,126.442,163.307,85.589,76.394
